type,doc_statement,current_try,q_0_age_answer,q_0_school_answer,q_0_taxes_answer,q_0_political_views_answer,q_0_consideration_answer,q_0_southern_border_answer,q_0_environment_answer,q_1_farmers_value,q_2_marks_value,q_3_athletics_value,doc_index,doc_name,doc_date,doc_source,doc_overall-truthfulness_value,doc_confidence_value,doc_correctness_value,doc_neutrality_value,doc_comprehensibility_value,doc_precision_value,doc_completeness_value,doc_speaker's-trustworthiness_value,doc_informativeness_value,doc_accesses,url_speaksabout,fre,doc_time_elapsed,query_amount,response_position,selected_amount,sim_statem_query,sim_statem_resname,sim_statem_ressnip
correct_false_all,Anthony Albanese says the rules on MP entitlements are pretty clear,1.0,19-25 (0.00),Some college (etc.) (1.00),"10,000 to less than 20,000 (1.00)",Liberal (3.00),Democrat (1.00),Disagree (0.00),Agree (2.00),wrong value (0.00),correct value (1.00),wrong value (0.00),10.0,Labor (3.00),2013.0,abc (0.00),-2.0,-2.0,-1.0,0.0,-2.0,-1.0,-2.0,-2.0,-1.0,1.0,-1.0,60.31,111.19,1.0,8.0,1.0,0.7012987012987013,1.0,0.1428571428571428
correct_false_all,Christopher Pyne says a VIP Boeing business jet flight from Perth to Canberra taken by a group of WA Liberal MPs was probably cheaper than a commercial flight,1.0,19-25 (0.00),4 year college/bachelor degree (2.00),"30,000 to less than 40,000 (3.00)",Moderate (2.00),Independent (2.00),Agree (2.00),Disagree (0.00),wrong value (0.00),wrong value (0.00),wrong value (0.00),10.0,Liberal (1.00),2013.0,abc (0.00),-2.0,-1.0,0.0,0.0,-2.0,1.0,0.0,-2.0,1.0,1.0,-1.0,51.52,45.74,1.0,5.0,1.0,1.0,0.6,0.2777777777777778
correct_false_all,Opposition workplace relations spokesman Brendan OConnor says the 2001 Building and Construction Industry Royal Commission cost 66 million equating to 100 million in todays dollars,1.0,36-50 (1.50),Postgrad. or professional degree (etc.) (4.00),"75,000 to less than 100,000 (6.00)",Very liberal (3.50),Democrat (1.00),No opinion either way (1.00),Agree (2.00),correct value (1.00),wrong value (0.50),correct value (1.00),8.5,Labor (3.00),2014.0,abc (0.00),-2.0,-1.0,-1.0,-2.0,-1.0,-0.5,-1.0,-1.5,-1.0,1.0,-1.0,29.18,96.765,1.0,5.5,1.0,0.7451298701298701,0.43333333333333335,0.47500000000000003
correct_false_all,Says the Wisconsin Republican Party tweeted Happy International Womens Day You ladies should get paid less and not be able to make health care decisions,1.0,36-50 (2.00),"Postgrad. or professional schooling, no degree (2.75)","50,000 to less than 75,000 (5.25)",Liberal (2.75),Democrat (1.00),Disagree (0.50),Agree (2.00),correct value (0.75),correct value (1.00),correct value (1.00),5.5,DEM (2.00),2012.0,politifact (1.00),-2.0,0.0,-1.75,-1.75,1.5,0.5,-0.5,-1.25,-0.75,1.0,-1.0,46.1,163.9675,3.5,7.25,1.5,0.5660263347763348,0.375,0.15277777777777776
correct_false_all,Were very prepared to put out a statement before the election updating on the budget process Joshs party hasnt even submitted one policy for costing yet to the Parliamentary Budget Office,1.0,26-35 (1.00),4 year college/bachelor degree (2.00),"50,000 to less than 75,000 (5.33)",Moderate (1.67),Republican (0.33),No opinion either way (1.33),Agree (2.00),wrong value (0.33),wrong value (0.00),correct value (0.67),4.0,Labor (3.00),2013.0,abc (0.00),-2.0,-1.6666666666666667,-1.6666666666666667,-1.6666666666666667,-1.3333333333333333,-1.3333333333333333,-1.0,-0.6666666666666666,-1.3333333333333333,1.0,-0.6666666666666666,40.01,207.55666666666664,3.0,3.3333333333333335,1.0,0.2757928665537361,0.25,0.127485380116959
correct_false_all,Austin mayoral candidate Mike Martinez takes corporate money,1.0,50-80 (3.00),Some college (etc.) (1.00),"50,000 to less than 75,000 (5.00)",Conservative (1.00),Republican (0.00),Agree (2.00),Disagree (0.00),correct value (1.00),wrong value (0.00),wrong value (0.00),2.0,DEM (2.00),2014.0,politifact (1.00),-2.0,-1.0,-1.0,-1.0,-1.0,-1.0,-1.0,-2.0,-1.0,1.0,0.0,37.98,49.25,1.0,1.0,1.0,1.0,0.5714285714285714,0.5
correct_false_all,Corrupt political bosses Money laundering Fraud Its just another day at the office for Vin Gopal,1.0,26-35 (1.00),4 year college/bachelor degree (2.00),"40,000 to less than 50,000 (4.00)",Liberal (3.00),Republican (0.00),Agree (2.00),Agree (2.00),correct value (1.00),correct value (1.00),wrong value (0.00),4.0,REP (0.00),2011.0,politifact (1.00),-2.0,-1.0,-1.0,-2.0,-2.0,-2.0,-2.0,-2.0,-2.0,1.0,0.0,46.78,208.23,1.0,3.0,1.0,0.84375,0.2,0.1818181818181818
correct_false_all,Scott Walkers income tax plan is a tax hike It increases taxes for nearly 80 of the people in the state,1.0,36-50 (2.00),4 year college/bachelor degree (2.50),"40,000 to less than 50,000 (4.50)",Moderate (2.50),Independent (1.50),Disagree (0.00),Agree (2.00),wrong value (0.50),wrong value (0.50),wrong value (0.00),4.0,DEM (2.00),2014.0,politifact (1.00),-2.0,1.0,-2.0,-2.0,1.0,1.0,-1.5,-2.0,-0.5,1.0,0.0,75.54,353.075,1.0,2.0,1.0,0.5425824175824175,0.5222222222222221,0.41666666666666663
correct_false_all,Virginia papers called Scott Rigells campaign Mostly False,1.0,19-25 (0.50),4 year college/bachelor degree (2.00),"40,000 to less than 50,000 (4.50)",Moderate (1.50),Democrat (1.00),No opinion either way (1.00),Disagree (0.00),wrong value (0.50),wrong value (0.00),wrong value (0.50),5.5,DEM (2.00),2012.0,politifact (1.00),-2.0,-1.0,-1.5,-1.0,0.0,-0.5,-1.0,0.0,-0.5,1.0,0.5,71.82,171.805,3.5,10.0,1.0,0.675,0.1339285714285714,0.3125
correct_false_all,Anthony Albanese says eight out of the worlds top 10 airlines are majority governmentowned,1.0,36-50 (2.00),4 year college/bachelor degree (2.00),"40,000 to less than 50,000 (4.00)",Liberal (3.00),Democrat (1.00),Disagree (0.50),Agree (2.00),wrong value (0.00),wrong value (0.00),wrong value (0.00),9.0,Labor (3.00),2014.0,abc (0.00),-2.0,0.0,-2.0,0.5,1.0,1.0,0.5,-1.5,-1.0,1.0,1.0,48.81,121.845,2.0,1.0,1.0,0.7575757575757576,0.5714285714285714,0.8888888888888888
correct_false_all,Barack Obama and Hillary Clinton are negotiating with the United Nations about doing a treaty that will ban the use of firearms,1.0,19-25 (0.50),Some college (etc.) (1.00),"40,000 to less than 50,000 (3.50)",Moderate (2.00),Independent (2.00),Disagree (0.00),Agree (2.00),correct value (1.00),wrong value (0.00),wrong value (0.50),3.5,REP (0.00),2012.0,politifact (1.00),-2.0,-1.0,-2.0,-2.0,-2.0,-2.0,-2.0,-2.0,-2.0,1.0,1.0,66.07,332.61,3.5,1.0,1.5,0.7435897435897436,0.15555555555555556,0.2727272727272727
correct_false_all,Greg Hunt says emissions went up under the carbon price from 560 to 637 million tonnes,1.0,36-50 (1.67),"Postgrad. or professional schooling, no degree (3.00)","50,000 to less than 75,000 (4.67)",Liberal (3.00),Independent (1.67),Disagree (0.00),Agree (2.00),correct value (0.67),wrong value (0.33),wrong value (0.33),5.666666666666667,Liberal (1.00),2013.0,abc (0.00),-2.0,0.6666666666666666,-1.3333333333333333,-1.3333333333333333,0.3333333333333333,0.0,-0.6666666666666666,-1.3333333333333333,-1.0,1.0,1.0,80.62,78.27333333333333,1.0,3.6666666666666665,1.3333333333333333,0.5493117993117993,0.3333333333333333,0.3636363636363636
correct_false_all,Kelly ODwyer says Australia has one of the highest per capita refugee intakes in the world,1.0,36-50 (1.67),4 year college/bachelor degree (2.33),"30,000 to less than 40,000 (2.67)",Liberal (3.00),Democrat (1.33),Disagree (0.00),Agree (1.67),correct value (0.67),correct value (0.67),wrong value (0.33),6.666666666666667,Liberal (1.00),2014.0,abc (0.00),-2.0,-1.0,-2.0,-0.3333333333333333,1.0,0.0,-1.0,-1.6666666666666667,-0.3333333333333333,1.0,1.0,80.62,109.00999999999999,1.3333333333333333,1.3333333333333333,1.0,0.7847222222222223,0.5714285714285714,0.9090909090909092
correct_false_all,Ninetyfour percent of small businesses will face higher taxes under the Democrats plan,1.0,36-50 (2.00),4 year college/bachelor degree (2.00),"30,000 to less than 40,000 (3.00)",Very liberal (4.00),Democrat (1.00),Disagree (0.00),Agree (2.00),wrong value (0.00),wrong value (0.00),wrong value (0.00),6.0,REP (0.00),2010.0,politifact (1.00),-2.0,-1.0,1.0,-1.0,1.0,2.0,-1.0,-2.0,1.0,1.0,1.0,58.28,128.56,1.0,9.0,1.0,0.8888888888888888,0.5,0.3333333333333333
correct_false_all,Of every three dollars in food stamps for the needy seven dollars in salaries and pensions go to the bureaucrats who are supposed to be taking care of the poor,1.0,26-35 (1.33),"Postgrad. or professional schooling, no degree (2.67)","30,000 to less than 40,000 (3.33)",Liberal (3.33),Democrat (1.00),Disagree (0.00),Agree (2.00),correct value (0.67),wrong value (0.33),wrong value (0.33),4.333333333333333,REP (0.00),2013.0,politifact (1.00),-2.0,0.3333333333333333,-2.0,-1.3333333333333333,0.3333333333333333,0.3333333333333333,1.0,-1.0,-0.3333333333333333,1.0,1.0,66.41,379.3933333333334,1.3333333333333333,2.3333333333333335,1.3333333333333333,0.5479302832244008,0.3333333333333333,0.3412698412698412
correct_false_all,Says Barack Obama sold Chrysler to Italians who are going to build Jeeps in China at the cost of American jobs,1.0,36-50 (2.50),4 year college/bachelor degree (1.50),"50,000 to less than 75,000 (5.00)",Moderate (2.00),Republican (0.50),No opinion either way (1.00),No opinion either way (1.00),correct value (1.00),correct value (1.00),correct value (1.00),3.5,REP (0.00),2012.0,politifact (1.00),-2.0,1.0,-1.5,-2.0,1.0,1.0,0.0,1.0,-1.0,1.0,1.0,75.54,139.85,1.0,1.5,1.0,0.6133928571428572,0.23809523809523805,0.9230769230769231
correct_false_all,Says Mitt Romney backed a bill that outlaws all abortions even in cases of rape and incest,1.0,36-50 (2.00),Postgrad. or professional degree (etc.) (4.00),"100,000 to less than 150,000 (7.00)",Liberal (3.00),Independent (2.00),Disagree (0.00),Agree (2.00),correct value (1.00),correct value (1.00),wrong value (0.00),5.0,DEM (2.00),2012.0,politifact (1.00),-2.0,-1.0,-2.0,2.0,2.0,2.0,-2.0,1.0,-2.0,1.0,1.0,79.6,136.95,1.0,1.0,1.0,0.9545454545454546,0.4,0.8181818181818182
correct_false_all,Says Obamacare is the largest middleclass tax increase in history,1.0,36-50 (2.00),4 year college/bachelor degree (2.50),"40,000 to less than 50,000 (3.50)",Moderate (2.50),Republican (0.50),Disagree (0.00),Agree (2.00),correct value (1.00),wrong value (0.50),wrong value (0.50),8.5,REP (0.00),2012.0,politifact (1.00),-2.0,0.5,-1.0,-1.5,-0.5,-1.0,-0.5,-2.0,-1.0,1.0,1.0,61.33,61.005,1.0,1.5,1.0,0.4520833333333334,0.3,0.5714285714285714
correct_false_all,Tanya Plibersek says the last time there was only one woman in Cabinet was 1976,1.0,26-35 (1.00),Some college (etc.) (1.00),"20,000 to less than 30,000 (2.50)",Very liberal (4.00),Independent (1.50),Disagree (0.00),Agree (2.00),wrong value (0.50),wrong value (0.00),wrong value (0.00),9.5,Labor (3.00),2013.0,abc (0.00),-2.0,0.0,-2.0,0.0,1.0,0.0,-1.0,0.0,0.0,1.0,1.0,81.63,59.185,1.5,2.0,1.0,0.7531746031746032,0.375,0.7777777777777778
correct_false_all,The Labor Party has repeatedly claimed the Coalition needs to make cuts of 70 billion to vital services to balance the budget,1.0,36-50 (1.50),4 year college/bachelor degree (2.00),"30,000 to less than 40,000 (3.00)",Moderate (2.50),Republican (0.50),No opinion either way (1.00),Disagree (0.50),correct value (1.00),correct value (1.00),correct value (1.00),5.0,Labor (3.00),2013.0,abc (0.00),-2.0,-0.5,-1.5,-0.5,0.5,0.0,0.5,0.0,1.0,1.0,1.0,57.61,87.64500000000001,1.0,1.0,1.0,1.0,0.125,1.0
correct_false_all,The National Science Foundation spent 12 million paying seniors to play World of Warcraft to study the impact it had on their brain,1.0,26-35 (1.00),Some college (etc.) (0.75),"40,000 to less than 50,000 (4.00)",Liberal (2.75),Independent (1.75),Disagree (0.50),Agree (1.75),wrong value (0.50),wrong value (0.25),wrong value (0.50),5.0,REP (0.00),2013.0,politifact (1.00),-2.0,0.25,-2.0,-1.0,1.75,-0.25,-0.25,-1.75,0.0,1.5,1.0,65.05,112.1075,1.5,2.0,1.25,0.6477678571428572,0.2361111111111111,0.5192307692307693
correct_false_all,The WIC program is an incredibly cost effective program serving nearly 10 million Americans each year and costing less than 100 per person In my district more than 18 percent of residents suffer from food insecurity and depend on WIC to make ends meet,1.0,26-35 (1.00),Some college (etc.) (1.00),"30,000 to less than 40,000 (3.00)",Very liberal (4.00),Democrat (1.00),Disagree (0.00),Agree (2.00),correct value (1.00),wrong value (0.00),wrong value (0.00),10.0,DEM (2.00),2011.0,politifact (1.00),-2.0,-2.0,1.0,1.0,1.0,1.0,1.0,-1.0,-1.0,1.0,1.0,35.28,84.92,2.0,1.0,1.0,1.0,0.1666666666666666,0.0
correct_false_all,Tony Abbott says asylum seekers who come to Australia are attempting to break Australian law,1.0,26-35 (0.75),High school graduate or GED (etc.) (0.50),"20,000 to less than 30,000 (1.75)",Liberal (3.25),Democrat (1.25),Disagree (0.00),Agree (2.00),wrong value (0.50),wrong value (0.00),wrong value (0.25),5.25,Liberal (1.00),2014.0,abc (0.00),-2.0,-1.0,-2.0,-1.75,2.0,1.0,-1.0,-1.5,-1.75,1.0,1.0,64.71,90.0175,1.0,1.0,1.0,0.7901785714285714,0.5,0.8181818181818181
correct_false_all,Tony Abbott says marriage or marriagelike relationships have always been between a man and a woman,1.0,19-25 (0.00),4 year college/bachelor degree (2.00),"10,000 to less than 20,000 (1.00)",Liberal (3.00),Independent (2.00),Disagree (0.00),Agree (2.00),correct value (1.00),wrong value (0.00),wrong value (0.00),2.0,Liberal (1.00),2013.0,abc (0.00),-2.0,-2.0,-2.0,-2.0,2.0,-2.0,-2.0,-2.0,-2.0,1.0,1.0,55.24,50.35,1.0,1.0,1.0,0.525,0.4285714285714285,0.3333333333333333
correct_false_all,Tony Abbott says the carbon tax is partly to blame for the closure of Alcoas Point Henry aluminium smelter,1.0,26-35 (1.00),4 year college/bachelor degree (2.00),"30,000 to less than 40,000 (3.00)",Moderate (2.00),Independent (2.00),Disagree (0.00),Agree (2.00),correct value (1.00),wrong value (0.00),wrong value (0.00),0.0,Liberal (1.00),2014.0,abc (0.00),-2.0,1.0,-2.0,-2.0,-2.0,-2.0,-2.0,-2.0,-2.0,1.0,1.0,69.11,466.65,3.0,1.0,4.0,1.0,0.25,0.6153846153846154
correct_false_all,We left the country with net assets of 70 billion where if we are elected on the 7th of September we inherit debt going to 400 billion,1.0,19-25 (0.50),4 year college/bachelor degree (2.00),"40,000 to less than 50,000 (4.00)",Liberal (3.00),Democrat (1.00),Disagree (0.00),Agree (2.00),correct value (1.00),correct value (1.00),correct value (1.00),5.0,Liberal (1.00),2013.0,abc (0.00),-2.0,-1.0,-2.0,-2.0,-0.5,-0.5,-2.0,-2.0,-2.0,1.0,1.0,60.99,186.595,1.5,1.0,1.5,0.7619047619047619,0.0,0.9230769230769232
correct_false_all,When Josh Mandel claims to have accepted three debates with Sen Sherrod Brown he is lying He has accepted ZERO proposed debates,1.0,19-25 (0.00),4 year college/bachelor degree (2.50),"75,000 to less than 100,000 (5.50)",Liberal (3.00),Independent (2.50),Disagree (0.00),Agree (2.00),correct value (1.00),wrong value (0.50),wrong value (0.50),5.0,DEM (2.00),2012.0,politifact (1.00),-2.0,0.5,-2.0,-2.0,1.0,0.5,0.0,-1.5,-0.5,1.0,1.0,57.61,300.98,4.5,4.0,1.0,0.6785714285714286,0.7291666666666667,0.3928571428571428
correct_true_all,House Speaker Dean Cannon says that freshmen lawmakers account for onethird of the 120member House and that twothirds of the chamber have two years or less experience,1.0,19-25 (0.50),4 year college/bachelor degree (2.50),"20,000 to less than 30,000 (2.00)",Very liberal (3.50),Democrat (1.00),Disagree (0.00),Agree (2.00),wrong value (0.00),correct value (1.00),wrong value (0.00),5.0,REP (0.00),2010.0,politifact (1.00),2.0,-1.0,1.0,2.0,1.5,1.5,0.5,1.5,1.5,1.0,-1.0,60.99,72.34,1.5,4.0,1.0,0.5872229326513214,0.4583333333333333,0.1497326203208556
correct_true_all,Ilana Shafran Mandels stake in Forest City Enterprises constitutes significantly less than 1 percent of the companys shares and any implication of a conflict of interest is legally incorrect,1.0,36-50 (2.00),4 year college/bachelor degree (2.50),"20,000 to less than 30,000 (2.00)",Very conservative (0.00),Republican (0.00),Agree (1.50),Agree (2.00),wrong value (0.00),wrong value (0.00),wrong value (0.00),6.5,REP (0.00),2011.0,politifact (1.00),2.0,1.5,1.0,1.5,2.0,1.5,1.0,2.0,2.0,1.5,-1.0,25.12,89.995,1.0,2.0,1.0,0.0,0.0,0.0
correct_true_all,Says hes proposed the largest employer contribution to the Virginia Retirement System in history,1.0,26-35 (1.00),4 year college/bachelor degree (2.33),"30,000 to less than 40,000 (3.33)",Moderate (2.00),Republican (0.00),Agree (2.00),Agree (2.00),wrong value (0.00),wrong value (0.00),wrong value (0.33),7.333333333333333,REP (0.00),2012.0,politifact (1.00),2.0,1.0,1.6666666666666667,1.0,1.6666666666666667,0.6666666666666666,1.6666666666666667,0.3333333333333333,1.3333333333333333,1.0,-1.0,31.89,64.67333333333333,1.0,1.6666666666666667,1.0,0.5499999999999999,0.5333333333333333,0.2333333333333333
correct_true_all,Wisconsin is 1 in the Midwest for personal income growth over the year,1.0,36-50 (2.00),Postgrad. or professional degree (etc.) (3.50),"75,000 to less than 100,000 (6.00)",Moderate (2.00),Republican (0.50),Agree (2.00),Agree (2.00),wrong value (0.00),wrong value (0.00),wrong value (0.00),3.5,REP (0.00),2014.0,politifact (1.00),2.0,1.0,2.0,1.0,1.5,0.0,2.0,1.5,1.0,1.0,-1.0,66.74,145.48499999999999,1.0,3.5,2.0,0.1145833333333333,0.0833333333333333,0.0833333333333333
correct_true_all,According to Wikipedia there are only five countries in the entire planet that are more unequal than the United States in the distribution of our wealth,1.0,26-35 (1.25),4 year college/bachelor degree (1.75),"40,000 to less than 50,000 (3.50)",Conservative (1.25),Republican (0.50),Agree (2.00),Agree (1.75),wrong value (0.25),wrong value (0.00),wrong value (0.25),5.25,DEM (2.00),2011.0,politifact (1.00),2.0,0.75,1.5,1.0,1.25,1.0,0.75,1.0,1.5,1.0,-0.75,62.01,74.575,1.0,5.75,1.25,0.40909090909090906,0.25,0.15909090909090906
correct_true_all,Opposition Leader Bill Shorten says the Coalition has broken its election promise that no school will be worse off than it would have been under Labors Gonski funding plans,1.0,36-50 (1.50),Postgrad. or professional degree (etc.) (4.00),"75,000 to less than 100,000 (6.00)",Liberal (3.00),Independent (2.00),Disagree (0.00),No opinion either way (1.00),wrong value (0.50),correct value (1.00),wrong value (0.00),8.0,Labor (3.00),2013.0,abc (0.00),2.0,1.5,1.5,0.0,2.0,2.0,1.5,1.5,2.0,1.5,0.0,58.96,52.375,1.0,1.0,1.5,0.59375,0.5333333333333333,0.625
correct_true_all,Queensland Opposition Leader Annastacia Palaszczuk says the jobless rate is the highest for 11 years There are almost 31000 more Queenslanders without a job since March 2012 She blames the LNP government,1.0,26-35 (1.00),4 year college/bachelor degree (2.00),"50,000 to less than 75,000 (5.00)",Liberal (3.00),Independent (1.50),Disagree (0.00),Agree (2.00),wrong value (0.50),wrong value (0.00),wrong value (0.50),5.5,Labor (3.00),2015.0,abc (0.00),2.0,1.0,1.5,0.0,2.0,1.5,1.5,2.0,1.5,1.0,0.0,47.46,161.19,2.0,1.5,1.5,0.5108225108225108,0.38095238095238093,0.1666666666666666
correct_true_all,Thirty per cent went home 30 per cent went to a country other than Australia and yes 40 per cent did come to Australia but the Prime Minister owes it to the Australian people to get his facts right,1.0,19-25 (0.50),4 year college/bachelor degree (2.00),"40,000 to less than 50,000 (4.00)",Conservative (1.00),Republican (0.50),Agree (2.00),Agree (2.00),wrong value (0.50),wrong value (0.00),wrong value (0.00),4.5,Liberal (1.00),2013.0,abc (0.00),2.0,1.5,1.5,2.0,1.0,1.5,2.0,1.5,1.5,1.0,0.0,65.73,77.125,1.0,2.5,1.0,0.5,0.0,0.2894736842105263
correct_true_all,Tony Abbott says some places in Queensland and NSW are experiencing a onceinaquartercentury or even a onceinacentury drought,1.0,26-35 (1.00),4 year college/bachelor degree (2.00),"40,000 to less than 50,000 (4.00)",Liberal (3.00),Democrat (1.00),Disagree (0.00),Agree (2.00),wrong value (0.00),wrong value (0.00),wrong value (0.00),1.0,Liberal (1.00),2014.0,abc (0.00),2.0,-2.0,2.0,2.0,1.0,2.0,2.0,1.0,2.0,1.0,0.0,36.28,99.05,1.0,2.0,1.0,0.5909090909090909,0.4,0.1818181818181818
correct_true_all,Two years after the worst recession most of us have ever knowncorporate profits are up,2.0,36-50 (1.50),4 year college/bachelor degree (2.00),"40,000 to less than 50,000 (4.00)",Very conservative (0.50),Independent (1.50),No opinion either way (1.00),Agree (2.00),correct value (1.00),wrong value (0.00),wrong value (0.50),6.5,DEM (2.00),2011.0,politifact (1.00),2.0,1.5,2.0,1.5,1.5,2.0,1.5,2.0,1.5,2.0,0.0,64.71,56.82,1.5,1.5,2.5,0.32967032967032966,0.0,0.42857142857142855
correct_true_all,Anthony Albanese says the Governments new terror laws mean members of the media face potential penalties of five to 10 years jail for exposing what might be an error made by security agencies,1.3333333333333333,19-25 (0.33),"Postgrad. or professional schooling, no degree (3.00)","50,000 to less than 75,000 (4.67)",Moderate (2.00),Independent (1.67),No opinion either way (0.67),Agree (2.00),correct value (0.67),wrong value (0.33),correct value (0.67),6.333333333333333,Labor (3.00),2014.0,abc (0.00),2.0,0.3333333333333333,1.3333333333333333,1.0,1.6666666666666667,1.6666666666666667,1.3333333333333333,1.0,1.6666666666666667,1.6666666666666667,0.3333333333333333,46.44,89.05666666666667,1.6666666666666667,3.3333333333333335,1.6666666666666667,0.5454545454545454,0.3095238095238095,0.1919504643962848
correct_true_all,Australias mum and dad investors selffunded retirees are facing a 16 billion a year slug to pay for Mr Abbotts expensive unaffordable unfair paid parental leave scheme,1.0,26-35 (1.00),4 year college/bachelor degree (2.33),"40,000 to less than 50,000 (4.00)",Moderate (1.67),Democrat (0.67),No opinion either way (1.33),Agree (2.00),wrong value (0.00),wrong value (0.00),correct value (0.67),6.0,Labor (3.00),2013.0,abc (0.00),2.0,1.3333333333333333,1.6666666666666667,0.3333333333333333,1.0,1.0,2.0,1.3333333333333333,1.6666666666666667,1.0,0.3333333333333333,52.53,99.79666666666667,1.3333333333333333,4.0,1.0,0.3840852130325814,0.2638888888888889,0.0701754385964912
correct_true_all,Says the Portland Childrens Levy holds its administrative expenses to less than 5 percent,1.0,36-50 (2.00),4 year college/bachelor degree (2.00),"30,000 to less than 40,000 (2.67)",Liberal (3.33),Democrat (1.33),Disagree (0.00),No opinion either way (1.33),correct value (0.67),wrong value (0.33),wrong value (0.00),3.0,DEM (2.00),2012.0,politifact (1.00),2.0,0.6666666666666666,1.6666666666666667,1.6666666666666667,1.6666666666666667,1.6666666666666667,1.6666666666666667,1.6666666666666667,1.6666666666666667,1.0,0.3333333333333333,57.27,81.90333333333332,1.0,2.3333333333333335,1.0,0.4166666666666667,0.28571428571428564,0.40740740740740744
correct_true_all,George Brandis has asked the ACT not to give effect to its new samesex marriage laws until their constitutional validity is determined by the High Court,1.0,26-35 (1.00),4 year college/bachelor degree (2.00),"40,000 to less than 50,000 (3.50)",Moderate (2.00),Democrat (0.75),Disagree (0.50),Agree (2.00),wrong value (0.50),wrong value (0.25),wrong value (0.25),9.5,Liberal (1.00),2013.0,abc (0.00),2.0,0.5,1.25,0.0,1.0,0.5,0.5,1.5,1.5,1.0,0.5,53.55,66.3875,1.0,2.5,1.0,0.4744791666666667,0.3258928571428571,0.19999999999999998
correct_true_all,People have illegally entered Australia when theyve come without a valid visa,1.0,26-35 (1.25),4 year college/bachelor degree (2.00),"75,000 to less than 100,000 (5.50)",Moderate (2.50),Democrat (1.00),No opinion either way (1.00),Agree (2.00),wrong value (0.25),wrong value (0.50),wrong value (0.25),6.75,Liberal (1.00),2013.0,abc (0.00),2.0,-0.75,1.5,0.75,1.75,1.25,0.75,1.0,1.25,1.0,0.5,59.3,90.3425,1.25,3.25,1.25,0.5576583139083139,0.1339285714285714,0.6944444444444444
correct_true_all,In Cuyahoga County56 percent of weekend voters in 2008 were African American while adult African Americans comprise 28 percent of the county population,1.0,26-35 (0.86),4 year college/bachelor degree (2.00),"75,000 to less than 100,000 (5.57)",Liberal (3.14),Independent (1.57),Disagree (0.29),Agree (2.00),correct value (0.71),wrong value (0.43),wrong value (0.43),3.7142857142857144,DEM (2.00),2012.0,politifact (1.00),2.0,-0.14285714285714285,1.2857142857142858,1.4285714285714286,1.7142857142857142,1.7142857142857142,0.7142857142857143,1.1428571428571428,1.7142857142857142,1.0,0.5714285714285714,39.67,126.53714285714285,1.0,2.0,1.0,0.512734786897215,0.2426303854875283,0.3523809523809524
correct_true_all,The first professional baseball team was from an Ohio city,1.0,36-50 (1.80),4 year college/bachelor degree (1.60),"40,000 to less than 50,000 (4.20)",Moderate (2.00),Democrat (0.80),No opinion either way (1.20),Agree (2.00),wrong value (0.40),wrong value (0.20),wrong value (0.00),5.8,DEM (2.00),2010.0,politifact (1.00),2.0,1.8,2.0,1.4,1.2,1.6,1.0,1.6,1.6,1.0,0.6,78.25,60.374,1.0,2.6,1.2,0.7952380952380952,0.6666666666666667,0.7666666666666666
correct_true_all,Ohio companies export more goods and services globally than 41 other states,1.0,26-35 (1.33),High school graduate or GED (etc.) (0.00),"40,000 to less than 50,000 (4.00)",Liberal (3.33),Democrat (1.33),Disagree (0.00),Agree (2.00),wrong value (0.00),wrong value (0.00),wrong value (0.33),5.333333333333333,REP (0.00),2013.0,politifact (1.00),2.0,-1.3333333333333333,1.6666666666666667,0.6666666666666666,2.0,1.0,1.0,1.6666666666666667,1.6666666666666667,1.6666666666666667,0.6666666666666666,59.29999999999999,115.44333333333334,1.3333333333333333,2.3333333333333335,1.0,0.725,0.14285714285714282,0.619047619047619
correct_true_all,Under this government the tax to GDP ratio has in the period weve been in office been an average of 227 per cent,1.0,26-35 (0.67),4 year college/bachelor degree (2.00),"40,000 to less than 50,000 (3.67)",Moderate (2.33),Democrat (1.33),Disagree (0.00),Agree (2.00),correct value (0.67),correct value (0.67),correct value (1.00),6.666666666666667,Labor (3.00),2013.0,abc (0.00),2.0,0.0,1.0,0.0,0.6666666666666666,0.6666666666666666,-0.3333333333333333,0.0,1.0,1.0,0.6666666666666666,65.05,161.54333333333332,2.0,1.0,1.0,0.6566026566026566,0.14285714285714282,0.5151515151515151
correct_true_all,Health insurance premiums have almost doubledsince 2000,1.0,26-35 (1.25),4 year college/bachelor degree (2.50),"40,000 to less than 50,000 (3.50)",Liberal (3.00),Democrat (1.00),Disagree (0.00),Agree (2.00),correct value (0.75),wrong value (0.50),wrong value (0.50),3.0,DEM (2.00),2007.0,politifact (1.00),2.0,1.0,2.0,1.25,2.0,1.25,1.5,1.25,1.75,1.0,0.75,38.99,103.4875,1.5,2.75,1.5,0.5479166666666666,0.3333333333333333,0.5
correct_true_all,Australia is one of only eight countries given a rating of AAA with a stable outlook from all three credit rating agenciesThese are the real facts and no amount of negative political spin will change that,1.0,36-50 (1.50),"Postgrad. or professional schooling, no degree (2.83)","50,000 to less than 75,000 (4.67)",Liberal (3.17),Democrat (1.00),No opinion either way (0.83),Agree (2.00),correct value (0.67),correct value (0.67),correct value (0.83),7.833333333333333,Labor (3.00),2013.0,abc (0.00),2.0,1.0,1.1666666666666667,0.3333333333333333,1.8333333333333333,1.3333333333333333,0.8333333333333334,0.8333333333333334,0.8333333333333334,1.0,0.8333333333333334,43.4,67.47333333333333,1.0,1.5,1.1666666666666667,0.5261022492000752,0.38749999999999996,0.36481481481481487
correct_true_all,98 percent of small businesses make less than 250000 and would not see a tax increase under Barack Obamas plan,1.0,36-50 (2.00),4 year college/bachelor degree (2.00),"150,000 or more (8.00)",Liberal (3.00),Independent (2.00),Disagree (0.00),Agree (2.00),correct value (1.00),wrong value (0.00),wrong value (0.00),6.0,DEM (2.00),2008.0,politifact (1.00),2.0,-1.0,2.0,2.0,2.0,2.0,0.0,2.0,2.0,1.0,1.0,76.56,51.0,1.0,6.0,1.0,0.8615384615384616,0.4285714285714285,0.3846153846153846
correct_true_all,Because St Paul said in the New Testament slaves be obedient to your masters And therefore we should have all fought for the Confederacy in the US war I mean for goodness sake the human condition and social conditions change,1.0,36-50 (1.50),High school graduate or GED (etc.) (0.00),"40,000 to less than 50,000 (3.50)",Very liberal (4.00),Democrat (1.00),Disagree (0.00),Agree (2.00),wrong value (0.00),wrong value (0.00),wrong value (0.50),5.0,Labor (3.00),2013.0,abc (0.00),2.0,-1.0,2.0,-0.5,0.0,-1.0,-1.5,0.0,-1.5,1.0,1.0,39.34,237.84500000000003,1.0,5.5,2.5,1.0,0.0,0.7306501547987616
correct_true_all,Collectively states are spending more on Medicaid than they do on K12 education,1.0,36-50 (2.00),Some college (etc.) (1.00),"40,000 to less than 50,000 (4.00)",Very liberal (3.50),Democrat (1.00),Disagree (0.00),Agree (2.00),correct value (1.00),wrong value (0.50),wrong value (0.50),4.5,REP (0.00),2013.0,politifact (1.00),2.0,-0.5,1.5,0.5,1.5,1.5,1.0,0.5,1.0,1.0,1.0,49.82,169.445,1.5,1.0,1.0,0.5770833333333334,0.0,0.75
correct_true_all,Finance Minister Mathias Cormann says privatising Medibank Private wont cause premiums to increase,1.0,36-50 (1.50),"Postgrad. or professional schooling, no degree (3.00)","150,000 or more (7.50)",Moderate (2.00),Republican (0.50),Agree (1.50),No opinion either way (1.00),correct value (1.00),wrong value (0.50),wrong value (0.50),8.5,Liberal (1.00),2013.0,abc (0.00),2.0,-0.5,0.5,0.5,1.0,1.0,1.0,1.0,1.5,1.0,1.0,32.9,64.895,1.0,4.0,1.0,0.9642857142857143,0.45238095238095233,0.7083333333333333
correct_true_all,Huckabee granted 1033 pardons and commutationsmore clemencies than the previous three governors combined,1.0,36-50 (1.67),"Postgrad. or professional schooling, no degree (2.67)","75,000 to less than 100,000 (5.67)",Conservative (1.00),Republican (0.00),No opinion either way (1.33),Agree (1.67),wrong value (0.33),wrong value (0.00),correct value (1.00),6.0,REP (0.00),2007.0,politifact (1.00),2.0,1.0,2.0,1.0,1.6666666666666667,2.0,1.6666666666666667,1.0,2.0,1.0,1.0,15.979999999999999,100.25,1.0,3.6666666666666665,1.6666666666666667,0.47058080808080804,0.14285714285714282,0.26666666666666666
correct_true_all,Industry Minister Ian Macfarlane says Australia is set to become the worlds second largest or largest exporter of LNG,1.0,26-35 (1.00),"Postgrad. or professional schooling, no degree (3.00)","50,000 to less than 75,000 (5.33)",Liberal (2.67),Independent (1.67),Disagree (0.00),Agree (2.00),correct value (0.67),wrong value (0.33),wrong value (0.33),4.333333333333333,Liberal (1.00),2013.0,abc (0.00),2.0,-1.0,1.3333333333333333,2.0,2.0,1.6666666666666667,1.6666666666666667,1.3333333333333333,2.0,1.0,1.0,60.65,138.16666666666666,1.6666666666666667,1.3333333333333333,1.0,0.6809523809523809,0.42857142857142855,0.4523809523809524
correct_true_all,John McCain stood up to the president and sounded the alarm on global warmingfive years ago,1.0,36-50 (1.50),4 year college/bachelor degree (2.00),"75,000 to less than 100,000 (6.00)",Moderate (1.50),Democrat (1.00),Agree (2.00),Disagree (0.00),wrong value (0.50),correct value (1.00),correct value (1.00),4.5,REP (0.00),2008.0,politifact (1.00),2.0,0.0,1.5,1.5,2.0,1.0,1.5,1.5,1.5,1.0,1.0,72.16,157.60500000000002,1.0,3.0,2.5,0.49455128205128207,0.30952380952380953,0.6
correct_true_all,Malcolm Turnbull says Australian farmers are among the least subsidised in the world,1.0,26-35 (1.00),4 year college/bachelor degree (2.00),"40,000 to less than 50,000 (4.25)",Liberal (2.75),Independent (1.50),Disagree (0.25),Agree (2.00),wrong value (0.50),wrong value (0.50),wrong value (0.50),6.25,Liberal (1.00),2014.0,abc (0.00),2.0,0.25,1.0,0.0,2.0,1.25,0.5,0.5,0.25,1.0,1.0,75.2,109.9275,1.0,1.0,1.0,0.7547008547008547,0.5892857142857143,0.7777777777777778
correct_true_all,NSW Premier Barry OFarrell says his Government has increased the amount of hazard reduction twoandahalf times,1.0,19-25 (0.50),4 year college/bachelor degree (1.50),"20,000 to less than 30,000 (2.00)",Liberal (3.00),Republican (0.50),No opinion either way (1.00),Agree (2.00),wrong value (0.00),wrong value (0.50),wrong value (0.50),5.0,Liberal (1.00),2013.0,abc (0.00),2.0,0.0,1.0,0.5,0.5,0.0,0.5,1.0,0.5,1.0,1.0,46.78,72.6,1.0,3.5,1.5,0.7960972850678734,0.1428571428571428,0.8333333333333334
correct_true_all,Says Rep Jim Weidner proposed a bill taking away health care for 80000 of Oregons children,1.0,26-35 (1.00),4 year college/bachelor degree (2.00),"150,000 or more (8.00)",Conservative (1.00),Republican (0.00),No opinion either way (1.00),Disagree (0.00),correct value (1.00),correct value (1.00),correct value (1.00),6.0,DEM (2.00),2010.0,politifact (1.00),2.0,-2.0,-1.0,-2.0,1.0,1.0,1.0,-1.0,1.0,1.0,1.0,72.16,151.21,2.0,4.0,1.0,0.746606334841629,0.0,0.2307692307692307
correct_true_all,Says this months special session will cost the state 27300 a day just for legislators daily living expenses,1.0,26-35 (1.00),4 year college/bachelor degree (2.00),"50,000 to less than 75,000 (5.00)",Very liberal (4.00),Republican (0.00),Agree (2.00),Agree (2.00),wrong value (0.00),wrong value (0.00),correct value (1.00),5.0,REP (0.00),2011.0,politifact (1.00),2.0,2.0,1.0,2.0,2.0,1.0,2.0,2.0,2.0,2.0,1.0,61.67,70.56,1.0,1.0,1.0,0.6593406593406593,0.3333333333333333,0.1666666666666666
correct_true_all,The War in Afghanistan is officially the longest war Americans have ever been asked to endure,1.0,26-35 (0.75),4 year college/bachelor degree (2.25),"50,000 to less than 75,000 (5.00)",Moderate (2.25),Democrat (1.00),No opinion either way (1.00),Agree (2.00),wrong value (0.50),wrong value (0.25),wrong value (0.25),3.0,DEM (2.00),2010.0,politifact (1.00),2.0,1.0,1.5,1.25,1.25,1.0,1.25,1.0,1.25,1.25,1.0,63.7,109.2675,1.3333333333333333,1.6666666666666667,1.0,0.6083333333333333,0.17857142857142852,0.5925925925925926
correct_true_all,Tony Abbott says the reintroduction of fuel excise indexation will cost the average family 40 cents a week in the first year,1.0,26-35 (1.00),4 year college/bachelor degree (2.50),"75,000 to less than 100,000 (5.50)",Conservative (1.25),Republican (0.25),No opinion either way (1.00),Agree (1.50),wrong value (0.50),wrong value (0.25),wrong value (0.50),5.0,Liberal (1.00),2014.0,abc (0.00),2.0,1.0,1.75,1.5,1.75,1.5,1.5,1.0,1.5,1.0,1.0,49.15,118.32000000000001,1.0,1.75,1.0,0.7977678571428571,0.4895833333333333,0.8214285714285714
correct_true_all,Washing your hands and covering your mouth when you cough makes a huge difference in reducing transmission of the flu,1.0,26-35 (0.80),4 year college/bachelor degree (2.00),"50,000 to less than 75,000 (4.60)",Liberal (2.60),Democrat (1.00),Disagree (0.00),Agree (2.00),correct value (0.60),correct value (0.60),correct value (0.60),3.8,DEM (2.00),2009.0,politifact (1.00),2.0,1.2,2.0,1.2,1.8,1.4,1.2,2.0,1.2,1.0,1.0,59.64,84.896,1.8,1.2,1.0,0.5786630036630036,0.1666666666666666,0.41818181818181815
correct_true_all,While millions of people lost their jobs around the world we have until today added nearly a million more than we had than when we went to office,1.0,26-35 (1.00),High school graduate or GED (etc.) (0.00),"40,000 to less than 50,000 (4.00)",Moderate (2.00),Independent (2.00),Disagree (0.00),Agree (2.00),wrong value (0.00),wrong value (0.00),wrong value (0.00),10.0,Labor (3.00),2013.0,abc (0.00),2.0,2.0,2.0,2.0,2.0,2.0,2.0,2.0,2.0,1.0,1.0,68.44,41.03,1.0,1.0,1.0,0.9285714285714286,0.0,0.9166666666666666
wrong_false_all,Anthony Albanese says the rules on MP entitlements are pretty clear,1.0,26-35 (1.00),4 year college/bachelor degree (2.00),"30,000 to less than 40,000 (3.00)",Liberal (3.00),Republican (0.00),Agree (2.00),Agree (2.00),wrong value (0.00),wrong value (0.00),correct value (1.00),0.0,Labor (3.00),2013.0,abc (0.00),2.0,1.0,0.0,-1.0,1.0,0.0,1.0,2.0,2.0,1.0,-1.0,60.31,178.45,1.0,3.0,1.0,0.3,0.6666666666666666,0.2857142857142857
wrong_false_all,Austin mayoral candidate Mike Martinez takes corporate money,1.0,36-50 (2.00),"Postgrad. or professional schooling, no degree (3.00)","75,000 to less than 100,000 (6.00)",Very conservative (0.00),Republican (0.00),Agree (2.00),Agree (2.00),wrong value (0.00),wrong value (0.00),wrong value (0.00),2.0,DEM (2.00),2014.0,politifact (1.00),2.0,1.0,2.0,2.0,2.0,0.0,2.0,2.0,2.0,1.0,-1.0,37.98,58.43,1.0,32.0,4.0,0.0,0.0,0.0
wrong_false_all,Barack Obama and Hillary Clinton are negotiating with the United Nations about doing a treaty that will ban the use of firearms,1.0,26-35 (1.00),4 year college/bachelor degree (2.50),"50,000 to less than 75,000 (5.00)",Moderate (2.50),Republican (0.50),No opinion either way (1.00),Agree (2.00),wrong value (0.00),wrong value (0.00),correct value (1.00),4.0,REP (0.00),2012.0,politifact (1.00),2.0,1.5,2.0,1.0,2.0,1.5,2.0,2.0,1.5,1.0,-1.0,66.07,104.56,1.0,2.0,1.0,0.0,0.0,0.04545454545454545
wrong_false_all,Barry OFarrell says NSW collects more from proceeds of crime than all other states and the federal government combined,1.0,26-35 (1.33),4 year college/bachelor degree (2.33),"10,000 to less than 20,000 (1.33)",Very conservative (0.33),Republican (0.00),Agree (1.67),Agree (2.00),wrong value (0.00),wrong value (0.33),wrong value (0.00),4.0,Liberal (1.00),2013.0,abc (0.00),2.0,1.0,-0.6666666666666666,-0.6666666666666666,-0.3333333333333333,-0.3333333333333333,-1.3333333333333333,-1.0,1.0,1.0,-1.0,60.65,273.61333333333334,1.6666666666666667,1.0,1.0,0.4920634920634921,0.2222222222222222,0.0606060606060606
wrong_false_all,Bill Shorten says Tony Abbott and Christopher Pyne are to blame for WAs Barnett Government cutting 183 million from education and culling 360 teachers and 350 teachers aides and support staff,1.0,26-35 (1.00),4 year college/bachelor degree (2.00),"150,000 or more (8.00)",Conservative (1.00),Republican (0.00),No opinion either way (1.00),Disagree (0.00),correct value (1.00),correct value (1.00),correct value (1.00),10.0,Labor (3.00),2014.0,abc (0.00),2.0,-1.0,1.0,0.0,1.0,1.0,1.0,1.0,1.0,1.0,-1.0,48.47,33.29,1.0,1.0,1.0,1.0,0.6666666666666666,0.0909090909090909
wrong_false_all,Corrupt political bosses Money laundering Fraud Its just another day at the office for Vin Gopal,2.0,36-50 (1.50),4 year college/bachelor degree (2.00),"30,000 to less than 40,000 (3.00)",Very conservative (0.00),Republican (0.50),Agree (2.00),Agree (2.00),wrong value (0.50),wrong value (0.00),wrong value (0.50),8.0,REP (0.00),2011.0,politifact (1.00),2.0,1.0,1.5,2.0,1.0,2.0,1.5,2.0,1.5,2.0,-1.0,46.78,48.535,1.5,2.0,2.0,0.7981283422459893,0.0,0.0909090909090909
wrong_false_all,Hitler abolished unions and thats what Wisconsin Gov Scott Walker is doing today,1.0,26-35 (1.00),4 year college/bachelor degree (2.00),"10,000 to less than 20,000 (1.00)",Liberal (3.00),Democrat (1.00),Agree (2.00),Agree (2.00),wrong value (0.00),wrong value (0.00),correct value (1.00),9.0,DEM (2.00),2011.0,politifact (1.00),2.0,0.0,1.0,0.0,2.0,1.0,-1.0,1.0,2.0,1.0,-1.0,66.74,58.37,1.0,5.0,1.0,0.0,0.0,0.0
wrong_false_all,I think it is important to do what we reasonably can to get them up again I just wish that this Government hadnt presided over a reduction in vaccination rates,1.0,36-50 (1.50),4 year college/bachelor degree (2.00),"20,000 to less than 30,000 (2.50)",Conservative (1.00),Democrat (1.00),Agree (2.00),Agree (2.00),wrong value (0.00),wrong value (0.00),wrong value (0.00),9.5,Liberal (1.00),2013.0,abc (0.00),2.0,1.0,2.0,1.5,1.5,0.5,1.0,2.0,1.0,1.0,-1.0,57.95,24.125,1.0,2.0,1.0,0.3645833333333333,0.0,0.0909090909090909
wrong_false_all,Opposition workplace relations spokesman Brendan OConnor says the 2001 Building and Construction Industry Royal Commission cost 66 million equating to 100 million in todays dollars,1.0,26-35 (1.00),4 year college/bachelor degree (2.00),"40,000 to less than 50,000 (3.50)",Moderate (2.00),Democrat (0.75),Disagree (0.50),Agree (2.00),wrong value (0.50),wrong value (0.25),wrong value (0.25),8.5,Labor (3.00),2014.0,abc (0.00),2.0,-0.25,1.0,1.0,1.5,1.5,1.0,1.25,1.25,1.5,-1.0,29.18,59.105,1.0,3.0,1.0,0.5635416666666666,0.5,0.3125
wrong_false_all,Says a Senate resolution would restore 140 in monthly general assistance payments and prevent people from committing crime,1.0,26-35 (1.00),Some college (etc.) (1.00),"10,000 to less than 20,000 (1.00)",Moderate (2.00),Democrat (1.00),Disagree (0.00),Agree (2.00),correct value (1.00),wrong value (0.00),wrong value (0.00),10.0,DEM (2.00),2011.0,politifact (1.00),2.0,1.0,1.0,1.0,1.0,1.0,1.0,1.0,1.0,1.0,-1.0,36.28,60.47,1.0,7.0,1.0,0.39375,0.0,0.0
wrong_false_all,Says the Wisconsin Republican Party tweeted Happy International Womens Day You ladies should get paid less and not be able to make health care decisions,1.0,26-35 (1.00),4 year college/bachelor degree (2.00),"50,000 to less than 75,000 (5.00)",Very liberal (4.00),Republican (0.00),Agree (2.00),Agree (2.00),wrong value (0.00),wrong value (0.00),correct value (1.00),2.0,DEM (2.00),2012.0,politifact (1.00),2.0,2.0,1.0,2.0,2.0,1.0,2.0,2.0,2.0,1.0,-1.0,46.1,90.0,1.0,1.0,1.0,0.7773279352226721,0.5,0.2222222222222222
wrong_false_all,Scott Walkers income tax plan is a tax hike It increases taxes for nearly 80 of the people in the state,1.0,36-50 (2.00),Postgrad. or professional degree (etc.) (4.00),"50,000 to less than 75,000 (5.00)",Very liberal (4.00),Independent (2.00),Disagree (0.00),Disagree (0.00),correct value (1.00),correct value (1.00),wrong value (0.00),6.0,DEM (2.00),2014.0,politifact (1.00),2.0,1.0,2.0,2.0,2.0,2.0,2.0,2.0,2.0,1.0,-1.0,75.54,70.17,1.0,1.0,1.0,0.0,0.0,0.0
wrong_false_all,It is 22 billion Mr Rudd said on the ABCs QA program on September 2It is more than we spend for the entire nation on childcare support for all those families out there with kids in childcare It is a bigger number than that,1.0,36-50 (1.50),4 year college/bachelor degree (1.50),"40,000 to less than 50,000 (4.50)",Moderate (1.50),Republican (0.00),Agree (2.00),Agree (1.50),wrong value (0.00),wrong value (0.00),wrong value (0.00),9.5,Labor (3.00),2013.0,abc (0.00),2.0,0.0,2.0,0.5,1.5,2.0,1.5,1.0,1.0,1.0,-0.5,52.2,44.495,1.0,3.5,1.0,0.5423116615067078,0.25,0.1176470588235294
wrong_false_all,Anthony Albanese says eight out of the worlds top 10 airlines are majority governmentowned,1.0,26-35 (1.00),4 year college/bachelor degree (2.50),"150,000 or more (7.50)",Conservative (1.00),Republican (0.00),Agree (2.00),Agree (2.00),correct value (1.00),wrong value (0.50),wrong value (0.00),10.0,Labor (3.00),2014.0,abc (0.00),2.0,1.5,0.5,1.5,0.5,0.5,1.0,0.0,1.5,1.0,0.0,48.81,45.230000000000004,1.0,1.0,1.0,0.6111111111111112,0.6666666666666666,0.2222222222222222
wrong_false_all,Christopher Pyne says a VIP Boeing business jet flight from Perth to Canberra taken by a group of WA Liberal MPs was probably cheaper than a commercial flight,1.0,19-25 (0.00),Some college (etc.) (1.00),"20,000 to less than 30,000 (2.00)",Moderate (2.00),Independent (2.00),Disagree (0.00),Agree (2.00),wrong value (0.00),wrong value (0.00),wrong value (0.00),0.0,Liberal (1.00),2013.0,abc (0.00),2.0,-1.0,-1.0,-2.0,1.0,-1.0,1.0,1.0,1.0,1.0,0.0,51.52,506.24,4.0,9.0,4.0,0.5482456140350878,0.1666666666666666,0.1666666666666666
wrong_false_all,Christopher Pyne says independent public schools are improving student outcomes in Western Australia,1.5,26-35 (1.00),"Postgrad. or professional schooling, no degree (3.00)","40,000 to less than 50,000 (4.50)",Moderate (2.00),Republican (0.50),No opinion either way (1.00),Agree (2.00),wrong value (0.00),wrong value (0.00),correct value (1.00),6.0,Liberal (1.00),2013.0,abc (0.00),2.0,-0.5,0.5,1.0,2.0,1.5,1.0,1.0,1.5,1.5,0.0,41.36,52.504999999999995,1.5,3.0,1.5,0.38636363636363635,0.21428571428571425,0.4545454545454546
wrong_false_all,Kelly ODwyer says Australia has one of the highest per capita refugee intakes in the world,1.0,26-35 (1.00),4 year college/bachelor degree (2.00),"40,000 to less than 50,000 (4.00)",Moderate (2.00),Democrat (1.00),No opinion either way (1.00),Agree (2.00),correct value (1.00),wrong value (0.50),wrong value (0.00),8.5,Liberal (1.00),2014.0,abc (0.00),2.0,1.5,2.0,1.5,1.5,1.5,2.0,1.5,1.5,1.5,0.0,80.62,54.68,1.5,2.0,1.0,0.4791666666666666,0.0,0.4545454545454546
wrong_false_all,Mr Abbott seems to be suffering from just a little bit of amnesia Mr Rudd saidWhen he was health minister he cut 1 billion from the public hospitals budget of Australia,1.0,26-35 (1.00),4 year college/bachelor degree (2.25),"40,000 to less than 50,000 (4.00)",Very liberal (3.75),Democrat (1.25),No opinion either way (0.75),Agree (2.00),wrong value (0.50),wrong value (0.50),correct value (0.75),7.0,Labor (3.00),2013.0,abc (0.00),2.0,1.0,1.75,-0.5,1.5,1.75,1.25,0.75,1.75,1.0,0.0,48.47,70.37,1.0,1.75,1.0,0.4807436790505676,0.2708333333333333,0.21732954545454544
wrong_false_all,Of every three dollars in food stamps for the needy seven dollars in salaries and pensions go to the bureaucrats who are supposed to be taking care of the poor,1.0,19-25 (0.50),4 year college/bachelor degree (2.00),"40,000 to less than 50,000 (4.00)",Conservative (1.00),Republican (0.50),No opinion either way (1.00),Agree (2.00),wrong value (0.50),wrong value (0.50),wrong value (0.50),7.0,REP (0.00),2013.0,politifact (1.00),2.0,1.5,1.0,1.5,2.0,1.0,1.0,1.5,2.0,2.0,0.0,66.41,35.175,1.0,3.0,1.5,0.15441176470588236,0.16666666666666666,0.06666666666666665
wrong_false_all,Residential property taxes in Providence are up nearly 27 percent under Mayor Taveras,1.0,19-25 (0.50),4 year college/bachelor degree (2.00),"75,000 to less than 100,000 (6.50)",Liberal (3.00),Democrat (1.00),Disagree (0.00),Agree (2.00),wrong value (0.50),wrong value (0.50),correct value (1.00),9.5,DEM (2.00),2014.0,politifact (1.00),2.0,-0.5,2.0,0.5,2.0,1.5,0.5,1.5,1.5,1.0,0.0,32.9,130.47,1.5,5.5,1.0,0.7611111111111111,0.25,0.4375
wrong_false_all,Says Mitt Romney backed a bill that outlaws all abortions even in cases of rape and incest,1.0,36-50 (1.50),"Postgrad. or professional schooling, no degree (3.00)","50,000 to less than 75,000 (5.00)",Conservative (1.00),Republican (0.00),Agree (2.00),Agree (2.00),wrong value (0.00),wrong value (0.00),correct value (1.00),6.0,DEM (2.00),2012.0,politifact (1.00),2.0,1.5,2.0,1.5,-0.5,2.0,2.0,1.5,2.0,1.0,0.0,79.6,386.95000000000005,1.5,1.5,1.0,0.5516774891774892,0.16666666666666666,0.4090909090909091
wrong_false_all,Says the congressional ethics investigation against him was conducted by a very partisan political committee in a way that related more to the politics of the Democratic Party than to ethics,1.0,26-35 (1.00),Some college (etc.) (1.00),"40,000 to less than 50,000 (3.50)",Moderate (1.50),Republican (0.50),No opinion either way (1.00),No opinion either way (1.00),wrong value (0.50),wrong value (0.00),wrong value (0.50),8.5,REP (0.00),2011.0,politifact (1.00),2.0,1.5,1.0,1.5,0.5,0.5,-0.5,1.5,-0.5,1.0,0.0,31.55,94.165,1.0,1.5,1.0,0.8035714285714286,0.35,0.24999999999999994
wrong_false_all,Virginia papers called Scott Rigells campaign Mostly False,1.0,19-25 (0.00),Some college (etc.) (1.00),"20,000 to less than 30,000 (2.00)",Moderate (2.00),Independent (2.00),Disagree (0.00),Agree (2.00),wrong value (0.00),wrong value (0.00),wrong value (0.00),9.0,DEM (2.00),2012.0,politifact (1.00),2.0,1.0,1.0,1.0,1.0,1.0,1.0,1.0,1.0,1.0,0.0,71.82,85.49,1.0,5.0,1.0,0.5208333333333334,0.0,0.25
wrong_false_all,Greg Hunt says emissions went up under the carbon price from 560 to 637 million tonnes,1.0,26-35 (1.33),4 year college/bachelor degree (2.00),"30,000 to less than 40,000 (2.67)",Moderate (2.33),Democrat (1.00),No opinion either way (0.67),No opinion either way (0.67),correct value (0.67),wrong value (0.33),wrong value (0.00),7.333333333333333,Liberal (1.00),2013.0,abc (0.00),2.0,0.3333333333333333,1.3333333333333333,0.6666666666666666,0.6666666666666666,1.0,0.6666666666666666,0.0,0.3333333333333333,1.6666666666666667,0.3333333333333333,80.62,57.26333333333333,1.0,2.0,1.3333333333333333,0.5243201243201243,0.5535714285714285,0.3333333333333333
wrong_false_all,Chris Bowen says the Governments decision to scrap a 2000 cap on selfeducation expenses will allow people to travel as much as they like and claim as much as they like,1.0,36-50 (2.00),4 year college/bachelor degree (2.50),"75,000 to less than 100,000 (6.00)",Moderate (2.50),Republican (0.50),Agree (2.00),Agree (2.00),wrong value (0.00),wrong value (0.50),wrong value (0.00),8.5,Labor (3.00),2013.0,abc (0.00),2.0,0.5,1.5,2.0,2.0,2.0,1.5,1.5,1.0,1.0,0.5,48.47,63.935,1.0,4.0,1.0,0.7041666666666666,0.2708333333333333,0.19444444444444442
wrong_false_all,The WIC program is an incredibly cost effective program serving nearly 10 million Americans each year and costing less than 100 per person In my district more than 18 percent of residents suffer from food insecurity and depend on WIC to make ends meet,1.0,19-25 (0.50),4 year college/bachelor degree (2.00),"30,000 to less than 40,000 (3.00)",Liberal (3.00),Independent (1.50),Disagree (0.00),Agree (2.00),wrong value (0.50),wrong value (0.00),wrong value (0.00),5.5,DEM (2.00),2011.0,politifact (1.00),2.0,2.0,0.5,0.0,2.0,1.5,1.5,1.0,1.5,1.0,0.5,35.28,94.39,1.0,1.5,1.0,0.6339285714285714,0.34285714285714286,0.1311111111111111
wrong_false_all,Says I was the first governor in America to endorse Mitt Romney,1.0,26-35 (1.20),4 year college/bachelor degree (2.20),"30,000 to less than 40,000 (2.60)",Conservative (1.00),Democrat (1.00),No opinion either way (1.20),Agree (1.80),wrong value (0.00),wrong value (0.20),wrong value (0.00),5.6,REP (0.00),2012.0,politifact (1.00),2.0,0.8,0.4,0.0,0.4,1.0,0.6,1.0,0.6,1.0,0.6,67.76,92.112,2.2,2.0,1.0,0.3984920634920635,0.21904761904761902,0.4285714285714285
wrong_false_all,If a President Romney got a call from the president of the Mormon church he has no choice but to obey It is obedience over family and country,1.0,26-35 (1.00),4 year college/bachelor degree (2.00),"30,000 to less than 40,000 (3.00)",Very liberal (4.00),Independent (2.00),No opinion either way (1.00),Agree (2.00),correct value (1.00),wrong value (0.00),correct value (1.00),6.0,REP (0.00),2011.0,politifact (1.00),2.0,-2.0,2.0,-2.0,0.0,0.0,0.0,0.0,0.0,1.0,1.0,59.98,70.35,1.0,1.0,1.0,0.9285714285714286,0.0,1.0
wrong_false_all,Tanya Plibersek says the last time there was only one woman in Cabinet was 1976,1.0,19-25 (0.00),4 year college/bachelor degree (2.00),"30,000 to less than 40,000 (3.00)",Liberal (3.00),Democrat (1.00),Agree (2.00),Agree (2.00),wrong value (0.00),correct value (1.00),correct value (1.00),10.0,Labor (3.00),2013.0,abc (0.00),2.0,1.0,2.0,2.0,2.0,2.0,2.0,2.0,2.0,1.0,1.0,81.63,35.07,1.0,1.0,1.0,1.0,0.375,0.8888888888888888
wrong_false_all,The National Science Foundation spent 12 million paying seniors to play World of Warcraft to study the impact it had on their brain,1.0,26-35 (0.67),4 year college/bachelor degree (2.00),"20,000 to less than 30,000 (2.33)",Liberal (3.33),Democrat (1.00),Disagree (0.00),Agree (2.00),correct value (1.00),wrong value (0.00),wrong value (0.33),4.666666666666667,REP (0.00),2013.0,politifact (1.00),2.0,0.3333333333333333,1.0,1.3333333333333333,1.0,1.6666666666666667,2.0,1.0,0.6666666666666666,1.0,1.0,65.05,142.32,1.0,1.6666666666666667,1.0,0.5963741051976347,0.25,0.6923076923076924
wrong_false_all,Tony Abbott says asylum seekers who come to Australia are attempting to break Australian law,1.0,26-35 (1.00),High school graduate or GED (etc.) (0.00),"100,000 to less than 150,000 (7.00)",Very liberal (4.00),Democrat (1.00),Disagree (0.00),Agree (2.00),wrong value (0.00),wrong value (0.00),correct value (1.00),8.0,Liberal (1.00),2014.0,abc (0.00),2.0,-1.0,1.0,1.0,2.0,1.0,1.0,0.0,1.0,1.0,1.0,64.71,125.62,1.0,4.0,1.0,1.0,0.2857142857142857,0.4545454545454545
wrong_false_all,Tony Abbott says marriage or marriagelike relationships have always been between a man and a woman,1.0,36-50 (1.67),Some college (etc.) (1.33),"40,000 to less than 50,000 (4.33)",Liberal (3.33),Democrat (1.00),Disagree (0.00),Agree (2.00),correct value (0.67),wrong value (0.33),wrong value (0.33),6.333333333333333,Liberal (1.00),2013.0,abc (0.00),2.0,0.0,2.0,1.3333333333333333,1.6666666666666667,1.3333333333333333,1.0,1.0,0.6666666666666666,1.0,1.0,55.24,63.04999999999999,1.0,1.3333333333333333,1.0,0.7393939393939394,0.44047619047619047,0.5925925925925926
wrong_false_all,Tony Abbott says the carbon tax is partly to blame for the closure of Alcoas Point Henry aluminium smelter,1.0,26-35 (1.00),4 year college/bachelor degree (2.00),"75,000 to less than 100,000 (6.00)",Liberal (3.00),Democrat (1.00),Disagree (0.00),Agree (2.00),wrong value (0.00),wrong value (0.00),correct value (1.00),9.0,Liberal (1.00),2014.0,abc (0.00),2.0,1.0,1.0,1.0,1.0,2.0,2.0,2.0,2.0,1.0,1.0,69.11,96.38,1.0,5.0,1.0,1.0,0.1666666666666666,0.5384615384615384
wrong_false_all,We left the country with net assets of 70 billion where if we are elected on the 7th of September we inherit debt going to 400 billion,1.0,26-35 (1.00),4 year college/bachelor degree (2.00),"30,000 to less than 40,000 (3.00)",Conservative (1.00),Independent (2.00),Disagree (0.00),Agree (2.00),wrong value (0.00),wrong value (0.00),correct value (1.00),8.0,Liberal (1.00),2013.0,abc (0.00),2.0,0.0,0.0,1.0,1.0,0.0,0.0,0.0,1.0,1.0,1.0,60.99,110.0,1.0,1.0,1.0,1.0,0.0,0.9230769230769232
wrong_false_all,When Josh Mandel claims to have accepted three debates with Sen Sherrod Brown he is lying He has accepted ZERO proposed debates,1.0,19-25 (0.00),4 year college/bachelor degree (2.00),"75,000 to less than 100,000 (6.00)",Moderate (2.00),Republican (0.00),Agree (2.00),Agree (2.00),wrong value (0.00),wrong value (0.00),wrong value (0.00),4.0,DEM (2.00),2012.0,politifact (1.00),2.0,-1.0,0.0,0.0,1.0,1.0,1.0,1.0,1.0,1.0,1.0,57.61,31.1,1.0,1.0,1.0,0.75,0.8333333333333334,1.0
wrong_true_all,Anthony Albanese says the Governments new terror laws mean members of the media face potential penalties of five to 10 years jail for exposing what might be an error made by security agencies,1.0,19-25 (0.00),4 year college/bachelor degree (2.00),"75,000 to less than 100,000 (6.00)",Moderate (2.00),Republican (0.00),Agree (2.00),Agree (2.00),wrong value (0.00),wrong value (0.00),wrong value (0.00),8.0,Labor (3.00),2014.0,abc (0.00),-2.0,-2.0,2.0,1.0,1.0,1.0,1.0,1.0,1.0,1.0,-1.0,46.44,34.58,1.0,1.0,1.0,0.6818181818181819,0.4285714285714285,0.1363636363636363
wrong_true_all,Because St Paul said in the New Testament slaves be obedient to your masters And therefore we should have all fought for the Confederacy in the US war I mean for goodness sake the human condition and social conditions change,1.0,19-25 (0.00),Some college (etc.) (1.00),"20,000 to less than 30,000 (2.00)",Very liberal (4.00),Democrat (1.00),Disagree (0.00),Agree (2.00),correct value (1.00),wrong value (0.00),wrong value (0.00),9.0,Labor (3.00),2013.0,abc (0.00),-2.0,-2.0,-2.0,-1.0,2.0,1.0,-1.0,-1.0,-2.0,1.0,-1.0,39.34,168.68,1.0,1.0,1.0,0.0,0.0,0.0
wrong_true_all,House Speaker Dean Cannon says that freshmen lawmakers account for onethird of the 120member House and that twothirds of the chamber have two years or less experience,1.0,26-35 (1.00),4 year college/bachelor degree (2.00),"30,000 to less than 40,000 (3.00)",Very liberal (4.00),Independent (2.00),No opinion either way (1.00),Agree (2.00),correct value (1.00),wrong value (0.00),correct value (1.00),10.0,REP (0.00),2010.0,politifact (1.00),-2.0,0.0,-2.0,-2.0,-2.0,-2.0,-2.0,-2.0,-2.0,1.0,-1.0,60.99,41.93,1.0,1.0,1.0,0.7617647058823529,0.6666666666666666,0.1176470588235294
wrong_true_all,Ilana Shafran Mandels stake in Forest City Enterprises constitutes significantly less than 1 percent of the companys shares and any implication of a conflict of interest is legally incorrect,1.0,19-25 (0.00),Some college (etc.) (1.00),"75,000 to less than 100,000 (6.00)",Liberal (3.00),Independent (2.00),Disagree (0.00),Agree (2.00),correct value (1.00),correct value (1.00),correct value (1.00),10.0,REP (0.00),2011.0,politifact (1.00),-2.0,-2.0,-2.0,-2.0,1.0,-2.0,-2.0,-2.0,-2.0,1.0,-1.0,25.12,172.25,2.0,4.0,1.0,0.5833333333333334,0.5,0.1666666666666666
wrong_true_all,Malcolm Turnbull says Australian farmers are among the least subsidised in the world,1.0,26-35 (1.00),"Postgrad. or professional schooling, no degree (3.00)","100,000 to less than 150,000 (7.00)",Conservative (1.00),Republican (0.00),Agree (2.00),Agree (2.00),correct value (1.00),wrong value (0.00),wrong value (0.00),8.0,Liberal (1.00),2014.0,abc (0.00),-2.0,-2.0,-2.0,-2.0,-2.0,-2.0,-2.0,-2.0,-2.0,1.0,-1.0,75.2,149.03,,,,,,
wrong_true_all,Queensland Opposition Leader Annastacia Palaszczuk says the jobless rate is the highest for 11 years There are almost 31000 more Queenslanders without a job since March 2012 She blames the LNP government,1.0,19-25 (0.00),4 year college/bachelor degree (2.00),"30,000 to less than 40,000 (3.00)",Moderate (2.00),Independent (2.00),Agree (2.00),Disagree (0.00),wrong value (0.00),wrong value (0.00),wrong value (0.00),8.0,Labor (3.00),2015.0,abc (0.00),-2.0,-2.0,0.0,-1.0,-1.0,-2.0,-1.0,0.0,-1.0,1.0,-1.0,47.46,45.81,1.0,5.0,1.0,0.9109730848861284,0.5,0.15
wrong_true_all,Says this months special session will cost the state 27300 a day just for legislators daily living expenses,1.0,26-35 (1.00),4 year college/bachelor degree (2.00),"30,000 to less than 40,000 (3.00)",Very liberal (4.00),Democrat (1.00),Disagree (0.00),Agree (2.00),correct value (1.00),wrong value (0.00),correct value (1.00),3.0,REP (0.00),2011.0,politifact (1.00),-2.0,-2.0,-2.0,-1.0,1.0,-2.0,-2.0,-2.0,-2.0,1.0,-1.0,61.67,75.14,1.0,2.0,1.0,0.625,0.375,0.3333333333333333
wrong_true_all,The first professional baseball team was from an Ohio city,1.0,26-35 (1.00),4 year college/bachelor degree (2.00),"40,000 to less than 50,000 (4.00)",Moderate (2.00),Independent (2.00),Agree (2.00),No opinion either way (1.00),correct value (1.00),correct value (1.00),correct value (1.00),0.0,DEM (2.00),2010.0,politifact (1.00),-2.0,1.0,-2.0,-1.0,2.0,1.0,0.0,-1.0,0.0,1.0,-1.0,78.25,135.61,1.0,1.0,1.0,0.8,0.1666666666666666,0.1666666666666666
wrong_true_all,Under this government the tax to GDP ratio has in the period weve been in office been an average of 227 per cent,1.0,19-25 (0.50),4 year college/bachelor degree (2.00),"75,000 to less than 100,000 (5.50)",Moderate (2.50),Democrat (1.00),Disagree (0.00),Agree (2.00),wrong value (0.00),wrong value (0.00),wrong value (0.50),5.5,Labor (3.00),2013.0,abc (0.00),-2.0,-1.5,-1.0,0.0,1.0,0.5,-0.5,0.0,0.5,1.0,-1.0,65.05,144.97,2.5,3.5,1.0,0.1357142857142857,0.0,0.0909090909090909
wrong_true_all,While millions of people lost their jobs around the world we have until today added nearly a million more than we had than when we went to office,1.0,26-35 (1.00),4 year college/bachelor degree (2.00),"30,000 to less than 40,000 (3.00)",Liberal (3.00),Republican (0.00),Agree (2.00),Agree (2.00),wrong value (0.00),wrong value (0.00),wrong value (0.00),10.0,Labor (3.00),2013.0,abc (0.00),-2.0,-1.0,-1.0,-2.0,-2.0,-1.0,-2.0,0.0,-1.0,1.0,-1.0,68.44,31.94,1.0,4.0,1.0,0.9285714285714286,0.1428571428571428,0.25
wrong_true_all,Wisconsin is 1 in the Midwest for personal income growth over the year,1.0,50-80 (3.00),Some college (etc.) (1.00),"50,000 to less than 75,000 (5.00)",Conservative (1.00),Republican (0.00),Agree (2.00),Disagree (0.00),correct value (1.00),wrong value (0.00),wrong value (0.00),6.0,REP (0.00),2014.0,politifact (1.00),-2.0,0.0,0.0,-1.0,0.0,0.0,0.0,-1.0,0.0,1.0,-1.0,66.74,120.51,2.0,3.0,2.0,0.15,0.2,0.3333333333333333
wrong_true_all,Health insurance premiums have almost doubledsince 2000,1.0,26-35 (1.00),High school graduate or GED (etc.) (0.00),"40,000 to less than 50,000 (4.00)",Conservative (1.00),Republican (0.00),Agree (2.00),Disagree (0.00),correct value (1.00),wrong value (0.00),wrong value (0.00),3.0,DEM (2.00),2007.0,politifact (1.00),-2.0,-2.0,-2.0,-2.0,-2.0,-2.0,-2.0,-2.0,-2.0,1.0,0.0,38.99,41.48,2.0,1.0,1.0,0.15,0.1666666666666666,0.1666666666666666
wrong_true_all,Industry Minister Ian Macfarlane says Australia is set to become the worlds second largest or largest exporter of LNG,1.0,36-50 (1.50),4 year college/bachelor degree (2.00),"Less than 10,000 (0.00)",Very conservative (0.50),Republican (0.00),Agree (1.50),Agree (2.00),wrong value (0.00),wrong value (0.50),wrong value (0.00),1.5,Liberal (1.00),2013.0,abc (0.00),-2.0,-1.5,0.5,0.5,-1.0,-1.0,-1.0,-1.0,-0.5,1.0,0.0,60.65,102.44999999999999,1.0,1.5,11.0,0.5232142857142856,0.4375,0.3571428571428571
wrong_true_all,98 percent of small businesses make less than 250000 and would not see a tax increase under Barack Obamas plan,1.0,19-25 (0.00),4 year college/bachelor degree (2.00),"30,000 to less than 40,000 (3.00)",Moderate (2.00),Independent (2.00),Agree (2.00),Disagree (0.00),wrong value (0.00),wrong value (0.00),wrong value (0.00),5.0,DEM (2.00),2008.0,politifact (1.00),-2.0,-1.0,-1.0,-1.0,-2.0,-1.0,-2.0,-1.0,-2.0,1.0,1.0,76.56,69.37,1.0,6.0,2.0,0.8901098901098901,0.0,0.5384615384615384
wrong_true_all,Australia is one of only eight countries given a rating of AAA with a stable outlook from all three credit rating agenciesThese are the real facts and no amount of negative political spin will change that,1.0,36-50 (2.00),4 year college/bachelor degree (2.00),"75,000 to less than 100,000 (6.00)",Liberal (3.00),Democrat (1.00),Disagree (0.00),Agree (2.00),correct value (1.00),correct value (1.00),correct value (1.00),2.0,Labor (3.00),2013.0,abc (0.00),-2.0,-2.0,-2.0,-2.0,1.0,1.0,-1.0,1.0,1.0,1.0,1.0,43.4,94.32,1.0,5.0,1.0,0.4464285714285714,0.5714285714285714,0.5
wrong_true_all,Says hes proposed the largest employer contribution to the Virginia Retirement System in history,1.0,26-35 (1.00),4 year college/bachelor degree (2.00),"30,000 to less than 40,000 (3.00)",Moderate (2.00),Independent (2.00),Disagree (0.00),Agree (2.00),correct value (1.00),wrong value (0.00),wrong value (0.00),10.0,REP (0.00),2012.0,politifact (1.00),-2.0,0.0,1.0,1.0,1.0,1.0,0.0,1.0,1.0,1.0,1.0,31.89,52.04,1.0,1.0,1.0,1.0,0.0,0.4
